{"train/loss": 3.2156, "train/grad_norm": 4.378609657287598, "train/learning_rate": 8.579140158087527e-07, "train/epoch": 3.0, "train/global_step": 5187, "_timestamp": 1716073495.0815725, "_runtime": 31896.152654647827, "_step": 103, "eval/loss": 3.40232515335083, "eval/wups": 0.37370086595990676, "eval/acc": 0.3421506933229381, "eval/f1": 0.0040738771748433525, "eval/runtime": 471.7977, "eval/samples_per_second": 114.182, "eval/steps_per_second": 1.785, "train_runtime": 31424.3741, "train_samples_per_second": 10.558, "train_steps_per_second": 0.165, "total_flos": 0.0, "train_loss": 3.6803109246410797, "_wandb": {"runtime": 31902}}